<?xml version="1.0" encoding="UTF-8"?>
<config xmlns="http://www.knime.org/2008/09/XMLConfig" xmlns:xsi="http://www.w3.org/2001/XMLSchema-instance" xsi:schemaLocation="http://www.knime.org/2008/09/XMLConfig http://www.knime.org/XMLConfig_2008_09.xsd" key="model.xml">
    <entry key="version" type="xint" value="1"/>
    <entry key="class_name" type="xstring" value="org.knime.base.data.normalize.NormalizerPortObject"/>
    <config key="model">
        <config key="columns">
            <config key="AT">
                <entry key="column_name" type="xstring" value="AT"/>
                <entry key="column_scale" type="xdouble" value="0.028328611898017"/>
                <entry key="column_translate" type="xdouble" value="-0.051274787535410773"/>
                <entry key="column_min" type="xdouble" value="0.0"/>
                <entry key="column_max" type="xdouble" value="1.0"/>
            </config>
            <config key="V">
                <entry key="column_name" type="xstring" value="V"/>
                <entry key="column_scale" type="xdouble" value="0.01779359430604982"/>
                <entry key="column_translate" type="xdouble" value="-0.45124555160142343"/>
                <entry key="column_min" type="xdouble" value="0.0"/>
                <entry key="column_max" type="xdouble" value="1.0"/>
            </config>
            <config key="AP">
                <entry key="column_name" type="xstring" value="AP"/>
                <entry key="column_scale" type="xdouble" value="0.024746349913387793"/>
                <entry key="column_translate" type="xdouble" value="-24.570403365503605"/>
                <entry key="column_min" type="xdouble" value="0.0"/>
                <entry key="column_max" type="xdouble" value="1.0"/>
            </config>
            <config key="RH">
                <entry key="column_name" type="xstring" value="RH"/>
                <entry key="column_scale" type="xdouble" value="0.013404825737265416"/>
                <entry key="column_translate" type="xdouble" value="-0.342627345844504"/>
                <entry key="column_min" type="xdouble" value="0.0"/>
                <entry key="column_max" type="xdouble" value="1.0"/>
            </config>
            <config key="PE">
                <entry key="column_name" type="xstring" value="PE"/>
                <entry key="column_scale" type="xdouble" value="0.013245033112582781"/>
                <entry key="column_translate" type="xdouble" value="-5.56635761589404"/>
                <entry key="column_min" type="xdouble" value="0.0"/>
                <entry key="column_max" type="xdouble" value="1.0"/>
            </config>
        </config>
        <entry key="summary" type="xstring" value="Min/Max (0.0, 1) normalization on 5 column(s)"/>
    </config>
</config>
